{
  "dns": 0,
  "tcp": 0,
  "tls": 0,
  "ttfb": 26.299999952316284,
  "domContentLoaded": 111,
  "loadEvent": 118.79999995231628
}