{
  "dns": 0,
  "tcp": 0,
  "tls": 0,
  "ttfb": 6.399999976158142,
  "domContentLoaded": 11.899999976158142,
  "loadEvent": 13.600000023841858
}